last_name,gender,color,race,Department,Distance,Salary,Age,Staying
Wackett,Female,Turquoise,Navajo,Human Resources,72,USD 2726,84,true
Vasyatkin,Female,Mauv,White,Product Management,53,USD 4434,07,true
Gudgion,Male,Blue,Paraguayan,Marketing,05,USD 4746,25,false
Garstang,Male,Khaki,Yuman,Human Resources,04,USD 0090,90,true
Vigietti,Male,Puce,Tlingit-Haida,Services,60,USD 2312,20,true
Jago,Male,Maroon,Chickasaw,Legal,14,USD 9732,01,true
Conigsby,Male,Fuscia,Apache,Research and Development,04,USD 3945,71,false
Miere,Female,Red,Alaskan Athabascan,Training,89,USD 5116,22,true
Slides,Female,Indigo,Pueblo,Engineering,73,USD 1194,39,false
Maass,Female,Khaki,Cree,Engineering,87,USD 2719,93,false
Edelheid,Female,Puce,Cree,Research and Development,78,USD 8869,81,true
Pedder,Male,Turquoise,Latin American Indian,Support,18,USD 0411,16,true
Totaro,Male,Indigo,Uruguayan,Sales,68,USD 6796,77,false
Stainland,Female,Maroon,Colville,Accounting,10,USD 4101,39,false
Spitell,Male,Goldenrod,Bolivian,Marketing,19,USD 1644,48,false
Moberley,Male,Fuscia,Cuban,Business Development,60,USD 7482,21,false
Dillimore,Male,Turquoise,Thai,Human Resources,66,USD 1502,96,true
Crips,Female,Khaki,Vietnamese,Product Management,56,USD 0897,48,false
Vials,Female,Indigo,Salvadoran,Accounting,95,USD 0532,27,false
Basant,Female,Teal,Mexican,Product Management,44,USD 1247,73,false
Peyntue,Female,Green,Menominee,Services,27,USD 9741,29,false
Shakshaft,Female,Fuscia,Chippewa,Product Management,54,USD 3961,93,false
Timbridge,Female,Puce,Kiowa,Human Resources,84,USD 1325,68,false
MacWhan,Male,Blue,Pakistani,Engineering,38,USD 3222,13,true
Soldan,Male,Teal,Delaware,Research and Development,74,USD 2080,87,true
Allport,Male,Khaki,Eskimo,Engineering,51,USD 8906,29,false
Rosenkranc,Female,Indigo,Cherokee,Research and Development,47,USD 9990,80,false
Signorelli,Male,Indigo,Honduran,Product Management,41,USD 1233,72,true
Crate,Male,Fuscia,Filipino,Human Resources,11,USD 4484,99,false
Behneke,Male,Orange,Tongan,Training,91,USD 7420,92,true
Boncoeur,Female,Khaki,Hmong,Engineering,51,USD 0421,50,false
Bollins,Female,Orange,Kiowa,Marketing,69,USD 3675,14,false
Stoate,Male,Maroon,Melanesian,Marketing,20,USD 5969,04,true
Winsborrow,Male,Puce,Panamanian,Accounting,80,USD 8681,40,true
Lampel,Female,Goldenrod,Yakama,Human Resources,89,USD 3955,47,true
Rittmeier,Male,Orange,Pima,Services,51,USD 7462,76,true
Balderson,Female,Pink,Potawatomi,Sales,38,USD 6441,01,true
Robardey,Male,Khaki,American Indian,Marketing,02,USD 7902,05,false
McRobb,Female,Teal,Guamanian,Product Management,00,USD 0822,47,false
Kristoffersson,Female,Violet,Seminole,Engineering,67,USD 0818,88,true
McGiffie,Female,Maroon,Chamorro,Research and Development,00,USD 0600,04,true
Chazotte,Male,Indigo,Peruvian,Accounting,79,USD 6801,86,false
Morling,Female,Orange,Asian Indian,Marketing,74,USD 2850,74,false
Sicily,Male,Turquoise,American Indian,Research and Development,93,USD 4623,23,false
Lowndsbrough,Female,Orange,Peruvian,Product Management,51,USD 8939,98,true
Filtness,Female,Pink,Filipino,Marketing,71,USD 0409,66,true
Vise,Male,Goldenrod,Uruguayan,Sales,86,USD 2469,67,true
Partkya,Female,Indigo,Peruvian,Business Development,80,USD 0663,10,true
Ogle,Male,Turquoise,Paiute,Training,43,USD 4721,21,false
Booth,Male,Violet,Tohono O'Odham,Sales,54,USD 6848,78,true
Allebone,Female,Goldenrod,Lumbee,Support,63,USD 6039,92,false
Grattan,Female,Blue,Dominican (Dominican Republic),Services,69,USD 3986,89,true
Ivantyev,Male,Turquoise,Blackfeet,Engineering,03,USD 0263,17,false
Desvignes,Female,Blue,Yuman,Legal,44,USD 1494,81,false
Lindhe,Female,Teal,Alaska Native,Marketing,87,USD 1870,65,true
Cullivan,Female,Orange,Asian,Support,81,USD 4610,31,true
Damato,Female,Violet,Alaskan Athabascan,Marketing,62,USD 3670,03,false
Churchin,Female,Green,Alaska Native,Research and Development,97,USD 7544,44,true
Clericoates,Female,Violet,Guamanian,Support,24,USD 5414,43,true
Corney,Female,Turquoise,Alaska Native,Training,59,USD 6618,51,true
Woodlands,Female,Maroon,Micronesian,Support,52,USD 7514,16,false
Kreutzer,Male,Goldenrod,Comanche,Business Development,09,USD 9547,99,true
Duffield,Male,Goldenrod,Fijian,Support,64,USD 7096,71,false
Gullan,Male,Blue,Vietnamese,Product Management,71,USD 0114,53,false
Hayselden,Female,Green,Peruvian,Product Management,23,USD 6842,07,true
Baxstar,Female,Teal,Argentinian,Business Development,98,USD 5365,06,false
Eldredge,Male,Indigo,Venezuelan,Legal,57,USD 1677,60,true
Sute,Male,Blue,Salvadoran,Sales,88,USD 7293,04,true
Ferns,Female,Green,Cambodian,Business Development,49,USD 4425,31,true
Sharkey,Female,Yellow,Cherokee,Engineering,35,USD 8469,48,true
Pomeroy,Female,Orange,Colombian,Business Development,01,USD 6353,12,false
Luberto,Male,Orange,Samoan,Human Resources,15,USD 1971,98,false
Insole,Female,Aquamarine,Sioux,Research and Development,59,USD 2270,11,false
Hindmore,Female,Fuscia,Latin American Indian,Business Development,52,USD 7654,40,true
Marcham,Male,Purple,Cuban,Support,40,USD 8622,31,true
Code,Male,Aquamarine,Chinese,Services,81,USD 4801,96,false
Speir,Female,Teal,American Indian and Alaska Native (AIAN),Marketing,98,USD 9271,41,false
Muffen,Female,Orange,American Indian and Alaska Native (AIAN),Support,43,USD 2195,84,true
Claworth,Male,Crimson,Shoshone,Human Resources,45,USD 7902,86,true
Joliffe,Female,Purple,Paiute,Training,27,USD 1377,39,false
Bedenham,Male,Purple,Alaskan Athabascan,Product Management,10,USD 4214,94,true
Durbyn,Male,Maroon,Puerto Rican,Training,57,USD 5517,08,true
Bachnic,Male,Purple,Black or African American,Training,58,USD 1354,42,false
Worsall,Male,Crimson,White,Legal,71,USD 8466,57,true
Henriques,Male,Yellow,Chilean,Support,63,USD 7214,16,false
Alvarado,Male,Khaki,Native Hawaiian and Other Pacific Islander (NHPI),Accounting,15,USD 1532,05,true
Ayllett,Female,Fuscia,Taiwanese,Research and Development,43,USD 4726,01,true
Yurenin,Female,Purple,Mexican,Legal,39,USD 9146,29,true
Ecclesall,Female,Red,Dominican (Dominican Republic),Legal,51,USD 9301,83,false
Gussie,Female,Indigo,Native Hawaiian and Other Pacific Islander (NHPI),Sales,80,USD 8579,79,false
Padbury,Female,Violet,Cherokee,Training,40,USD 7646,58,false
Domerq,Female,Red,Puerto Rican,Engineering,37,USD 7922,13,true
Brownlie,Male,Aquamarine,Ute,Accounting,94,USD 9618,41,false
Newrick,Male,Orange,Dominican (Dominican Republic),Training,33,USD 4336,23,true
Botger,Male,Crimson,Fijian,Human Resources,28,USD 6046,06,false
Gerhold,Female,Turquoise,Sri Lankan,Sales,19,USD 5637,42,true
Niese,Female,Crimson,Laotian,Business Development,87,USD 7660,39,true
Denison,Male,Violet,Pueblo,Accounting,72,USD 8739,07,true
Gaywood,Female,Goldenrod,Alaska Native,Business Development,97,USD 1638,82,true
Attwoull,Male,Green,Chickasaw,Marketing,69,USD 5872,57,true
Cotelard,Female,Red,Navajo,Services,50,USD 7460,49,true
Braidley,Female,Teal,Yuman,Marketing,42,USD 8467,42,true
Lyal,Female,Purple,Melanesian,Business Development,90,USD 8408,16,true
Cicci,Male,Violet,Apache,Sales,22,USD 0557,89,true
Naptin,Female,Purple,Pakistani,Accounting,43,USD 8827,47,false
Dodsworth,Male,Puce,Shoshone,Engineering,93,USD 4147,67,true
Patriche,Male,Mauv,Delaware,Engineering,01,USD 6902,76,false
Bicker,Female,Fuscia,Spaniard,Engineering,24,USD 4857,31,false
Berridge,Female,Aquamarine,Osage,Training,05,USD 0016,44,false
Issacson,Female,Pink,Thai,Product Management,93,USD 3623,89,true
Ffrench,Female,Fuscia,Yaqui,Support,67,USD 6256,20,false
Gann,Male,Purple,Kiowa,Engineering,63,USD 9199,97,false
Blodget,Male,Green,Bolivian,Support,04,USD 7566,49,false
Dawes,Female,Teal,Aleut,Marketing,66,USD 4842,16,true
Midlar,Female,Aquamarine,Comanche,Training,21,USD 8554,17,true
Castelletti,Female,Orange,Apache,Research and Development,80,USD 3292,69,false
Tumility,Male,Violet,Native Hawaiian and Other Pacific Islander (NHPI),Engineering,31,USD 9032,11,true
Siuda,Female,Maroon,Colombian,Training,90,USD 3388,93,true
Brussels,Male,Orange,Indonesian,Human Resources,70,USD 9476,21,true
Chedzoy,Male,Goldenrod,Chickasaw,Engineering,77,USD 3007,62,false
Pascall,Female,Turquoise,Shoshone,Legal,77,USD 4112,18,false
Songer,Male,Violet,Eskimo,Business Development,60,USD 0244,95,true
Mashal,Male,Fuscia,Colville,Support,37,USD 8329,16,true
Dunsmore,Male,Yellow,Ecuadorian,Training,11,USD 4026,08,false
Drinnan,Male,Aquamarine,Spaniard,Legal,89,USD 1451,45,true
Brunesco,Male,Green,Eskimo,Marketing,21,USD 4549,30,false
Oakinfold,Male,Crimson,Alaskan Athabascan,Engineering,60,USD 0700,71,false
Puxley,Female,Blue,Costa Rican,Business Development,73,USD 2484,71,true
Meiningen,Female,Khaki,Crow,Legal,48,USD 6341,52,false
Gookey,Female,Teal,Pima,Accounting,17,USD 8611,86,false
Hencke,Female,Orange,Osage,Research and Development,74,USD 6665,65,false
Louth,Female,Turquoise,Chilean,Human Resources,42,USD 4671,00,false
Skitterel,Female,Teal,Central American,Accounting,35,USD 7064,42,false
Blatcher,Male,Aquamarine,Thai,Business Development,51,USD 9816,67,false
Cicero,Female,Yellow,Colombian,Support,43,USD 2189,59,true
Polkinghorne,Female,Goldenrod,Peruvian,Services,68,USD 0563,20,false
Rusk,Male,Fuscia,Menominee,Human Resources,24,USD 9512,49,false
Dunridge,Female,Puce,Puget Sound Salish,Services,49,USD 6977,57,true
Stowell,Female,Purple,Filipino,Research and Development,12,USD 7541,88,true
Anscott,Female,Turquoise,Black or African American,Human Resources,53,USD 3566,71,true
O'dell,Female,Blue,Venezuelan,Marketing,55,USD 6587,91,true
O'Doireidh,Female,Yellow,Sioux,Human Resources,78,USD 9048,25,false
Pinchen,Male,Khaki,Pakistani,Research and Development,39,USD 9093,44,true
Kleinmintz,Male,Khaki,Costa Rican,Research and Development,86,USD 5656,30,false
Thomerson,Female,Fuscia,Chippewa,Training,88,USD 3991,12,true
Djurevic,Female,Teal,Peruvian,Business Development,85,USD 5668,65,true
Cawston,Male,Purple,Yuman,Support,65,USD 1510,55,true
Joye,Male,Blue,Uruguayan,Business Development,74,USD 7281,05,true
Hanscom,Female,Indigo,Ottawa,Sales,00,USD 9992,84,true
Mewes,Female,Khaki,Panamanian,Engineering,38,USD 7634,63,true
Ilymanov,Male,Crimson,Iroquois,Accounting,26,USD 3704,47,true
Allkins,Male,Indigo,Ute,Legal,05,USD 6411,16,false
Aizikovich,Female,Red,Spaniard,Training,80,USD 6599,05,false
Hartfield,Female,Blue,Eskimo,Accounting,72,USD 1825,12,true
Orts,Female,Green,Venezuelan,Legal,86,USD 8515,35,false
Fogarty,Male,Blue,Fijian,Services,01,USD 4369,44,false
Semper,Female,Mauv,Asian Indian,Human Resources,27,USD 4958,24,true
Ilyas,Male,Blue,Asian Indian,Sales,03,USD 1883,92,true
Redmell,Male,Green,Vietnamese,Sales,69,USD 2262,20,false
Jansson,Female,Blue,Central American,Human Resources,60,USD 4511,62,false
Heazel,Male,Maroon,Yaqui,Services,68,USD 5290,76,true
Descroix,Male,Turquoise,Fijian,Legal,65,USD 8888,94,true
Winter,Male,Goldenrod,Puerto Rican,Sales,37,USD 3960,33,true
Fluger,Male,Maroon,Kiowa,Product Management,89,USD 3845,95,false
MacGillacolm,Male,Violet,Latin American Indian,Human Resources,53,USD 2660,23,true
Bunford,Female,Maroon,Cambodian,Engineering,25,USD 8720,04,true
Peskin,Male,Pink,Navajo,Training,61,USD 0209,23,true
Gyenes,Female,Green,Latin American Indian,Research and Development,44,USD 1558,69,false
Seddon,Male,Purple,Laotian,Training,63,USD 9464,72,false
Ocheltree,Female,Red,Ecuadorian,Support,58,USD 7749,80,false
Cookley,Male,Fuscia,Cuban,Services,90,USD 9487,05,true
Mackerness,Female,Maroon,Cuban,Human Resources,02,USD 5289,67,false
Brummell,Female,Teal,Guatemalan,Accounting,36,USD 2951,02,true
Nigh,Male,Maroon,Chippewa,Sales,75,USD 2051,99,false
Forsdicke,Male,Pink,Osage,Product Management,25,USD 2523,63,false
Neighbour,Male,Pink,Ute,Marketing,05,USD 0375,51,false
Fairleigh,Male,Puce,Taiwanese,Research and Development,23,USD 3380,78,false
MacDonnell,Female,Red,Costa Rican,Product Management,15,USD 2625,04,false
Lorenzo,Male,Blue,Salvadoran,Training,92,USD 7851,53,false
Blaymires,Female,Goldenrod,Dominican (Dominican Republic),Marketing,12,USD 3531,98,true
McMillian,Female,Indigo,Korean,Sales,34,USD 6023,00,true
Gencke,Female,Fuscia,Colombian,Research and Development,21,USD 8706,98,false
Fibben,Male,Khaki,Ecuadorian,Services,05,USD 6023,71,false
Torrance,Male,Maroon,Kiowa,Product Management,75,USD 2691,52,false
Le Breton,Female,Mauv,Chilean,Research and Development,67,USD 8176,64,false
Corstan,Female,Yellow,Salvadoran,Marketing,63,USD 5522,88,false
Armell,Male,Fuscia,Yuman,Product Management,84,USD 3411,08,false
Trainor,Female,Maroon,Apache,Accounting,85,USD 9775,07,true
Duffin,Male,Orange,Argentinian,Research and Development,79,USD 6802,58,true
McDuffie,Male,Indigo,Nicaraguan,Marketing,54,USD 7792,33,false
De Witt,Male,Turquoise,Menominee,Marketing,95,USD 1673,73,false
Swepson,Male,Fuscia,Seminole,Support,41,USD 7422,41,false
Grumbridge,Male,Teal,Lumbee,Marketing,29,USD 1291,70,true
Cowoppe,Female,Goldenrod,Pima,Sales,75,USD 7464,32,false
Willimot,Male,Pink,Aleut,Sales,97,USD 6862,66,false
McGhie,Male,Red,Dominican (Dominican Republic),Accounting,09,USD 4426,58,true
MacTimpany,Female,Puce,Paraguayan,Legal,37,USD 1042,69,false
Finders,Male,Pink,Venezuelan,Human Resources,93,USD 3262,50,true
Kalinsky,Male,Red,Taiwanese,Engineering,00,USD 0003,97,true
Semorad,Male,Red,Sri Lankan,Research and Development,41,USD 7465,41,true
Allston,Male,Goldenrod,Laotian,Engineering,29,USD 3434,55,false
Sent,Male,Red,American Indian,Human Resources,85,USD 1093,45,false
Skoof,Male,Aquamarine,Puerto Rican,Human Resources,15,USD 7113,00,true
Lush,Female,Green,Yaqui,Product Management,20,USD 0898,88,true
Pothergill,Female,Maroon,Colville,Marketing,19,USD 2237,88,false
Highnam,Female,Violet,Guatemalan,Human Resources,38,USD 5590,00,false
Murdie,Female,Red,Uruguayan,Accounting,48,USD 7663,23,true
Knightly,Male,Green,Peruvian,Sales,02,USD 6381,98,true
Sowle,Male,Turquoise,Panamanian,Research and Development,37,USD 0270,92,false
Guerri,Female,Khaki,Native Hawaiian,Training,10,USD 0338,06,false
Fiske,Male,Turquoise,Native Hawaiian and Other Pacific Islander (NHPI),Sales,01,USD 8203,81,false
Beves,Female,Blue,Crow,Support,26,USD 2547,26,true
Kuller,Male,Goldenrod,Asian,Business Development,67,USD 0994,29,false
Gallegos,Male,Turquoise,Tlingit-Haida,Legal,32,USD 7732,23,true
Ordidge,Female,Maroon,Chippewa,Accounting,56,USD 7707,26,true
Churches,Male,Yellow,American Indian,Training,91,USD 7401,23,false
Uttridge,Female,Red,Bolivian,Support,68,USD 5846,92,true
Duncan,Male,Mauv,Eskimo,Business Development,07,USD 8880,41,true
Shank,Female,Pink,Potawatomi,Services,99,USD 7418,67,false
Jovicevic,Female,Fuscia,Chickasaw,Legal,86,USD 1744,53,true
Danko,Female,Crimson,Argentinian,Accounting,93,USD 6432,85,false
Steeples,Male,Indigo,Melanesian,Services,51,USD 6063,66,false
Swatland,Female,Orange,Chickasaw,Marketing,77,USD 7799,68,true
Pavelka,Female,Maroon,Filipino,Marketing,50,USD 6626,02,true
Readshall,Male,Goldenrod,Mexican,Training,41,USD 0904,02,false
O'Hara,Female,Aquamarine,Tlingit-Haida,Research and Development,75,USD 9703,63,true
Ruos,Male,Red,Lumbee,Research and Development,38,USD 7399,25,true
Harker,Female,Mauv,Lumbee,Training,29,USD 3243,16,true
Durkin,Female,Khaki,Osage,Accounting,29,USD 6706,58,false
Roke,Male,Maroon,Blackfeet,Legal,82,USD 5448,67,false
Lissandri,Male,Turquoise,Guamanian,Engineering,38,USD 6026,40,false
Churms,Female,Puce,Melanesian,Human Resources,23,USD 9086,85,false
Evison,Male,Goldenrod,Menominee,Legal,47,USD 9706,77,false
Garbott,Male,Crimson,Potawatomi,Services,72,USD 1532,83,false
Jerman,Female,Aquamarine,Cambodian,Product Management,25,USD 7058,73,true
Jime,Female,Crimson,Delaware,Accounting,47,USD 5088,11,false
Mathevon,Female,Mauv,Osage,Sales,46,USD 1546,58,false
Jumel,Female,Khaki,Sri Lankan,Human Resources,76,USD 4693,20,false
Fullerd,Female,Mauv,Shoshone,Engineering,51,USD 8927,40,true
Lambert-Ciorwyn,Female,Orange,Potawatomi,Accounting,96,USD 9460,38,true
Kinig,Female,Goldenrod,Cherokee,Product Management,29,USD 0695,51,true
Janecek,Male,Teal,Cherokee,Services,25,USD 7453,26,false
Gething,Female,Crimson,Honduran,Legal,03,USD 8334,87,true
Van der Daal,Male,Pink,Comanche,Marketing,52,USD 6608,17,false
Rae,Female,Mauv,Argentinian,Support,03,USD 7646,96,true
Bugge,Male,Teal,South American,Training,27,USD 7345,90,false
Sprigin,Male,Violet,Paiute,Engineering,00,USD 3001,40,false
Diament,Female,Mauv,Bangladeshi,Legal,54,USD 3559,37,false
Servis,Female,Teal,Samoan,Marketing,56,USD 8054,09,true
Goodhand,Male,Pink,Native Hawaiian,Engineering,15,USD 2284,94,true
Dymoke,Female,Red,Argentinian,Product Management,55,USD 4127,09,false
Orvis,Female,Turquoise,Hmong,Accounting,66,USD 0553,18,false
Jayume,Female,Purple,Polynesian,Training,79,USD 8519,98,false
MacConnechie,Female,Turquoise,Bolivian,Services,30,USD 8492,56,true
Jossum,Female,Mauv,Comanche,Services,20,USD 2276,35,true
Herculson,Female,Mauv,Micronesian,Product Management,52,USD 5233,56,true
Allix,Male,Turquoise,Puget Sound Salish,Training,76,USD 6158,67,false
Pinck,Female,Khaki,Ecuadorian,Marketing,64,USD 8543,91,false
Tailby,Female,Mauv,Mexican,Services,99,USD 3273,50,false
Hollier,Female,Indigo,Tlingit-Haida,Accounting,48,USD 8215,45,true
Silversmid,Male,Blue,Bangladeshi,Training,82,USD 2426,38,true
Chumley,Male,Indigo,Hmong,Business Development,12,USD 7084,42,false
Dauber,Female,Khaki,Peruvian,Support,37,USD 8970,24,false
Kilfeather,Female,Mauv,Paraguayan,Sales,07,USD 5820,13,true
Sowerby,Male,Purple,Kiowa,Human Resources,79,USD 8660,18,false
Siggens,Male,Maroon,Tlingit-Haida,Product Management,15,USD 8038,05,false
Crapper,Female,Orange,Pueblo,Sales,35,USD 6302,24,true
Canon,Female,Fuscia,Alaskan Athabascan,Product Management,21,USD 3913,54,true
Neames,Male,Yellow,Bangladeshi,Human Resources,96,USD 4779,43,false
Jollands,Male,Puce,Cree,Product Management,14,USD 2521,89,false
Hanner,Female,Indigo,Apache,Support,76,USD 8588,76,false
MacAlpine,Male,Yellow,Fijian,Engineering,01,USD 4138,63,false
McQuillin,Male,Maroon,Guamanian,Support,98,USD 6324,65,false
McFarland,Male,Mauv,Native Hawaiian and Other Pacific Islander (NHPI),Product Management,84,USD 0980,53,false
Gorges,Male,Mauv,Vietnamese,Product Management,08,USD 5889,34,false
Everit,Female,Purple,Navajo,Training,00,USD 2614,22,true
Jelfs,Female,Turquoise,American Indian and Alaska Native (AIAN),Training,93,USD 2440,80,false
Spillard,Female,Blue,South American,Services,44,USD 4758,96,false
Checkley,Female,Pink,Cheyenne,Engineering,93,USD 9852,11,false
Tolley,Female,Aquamarine,Colville,Research and Development,40,USD 2599,63,false
Pyrke,Male,Green,Cree,Research and Development,49,USD 0228,01,false
McKevin,Male,Pink,Peruvian,Product Management,28,USD 9286,33,false
Muttock,Female,Green,Spaniard,Engineering,28,USD 3897,80,false
Mogra,Female,Pink,Creek,Human Resources,29,USD 5367,33,true
Gruczka,Female,Orange,Native Hawaiian and Other Pacific Islander (NHPI),Legal,52,USD 0987,29,false
Jobling,Female,Turquoise,American Indian,Engineering,38,USD 8758,83,true
Feldberger,Female,Green,South American,Sales,35,USD 9529,64,true
Eastabrook,Male,Blue,Peruvian,Product Management,07,USD 6901,95,false
Ogilby,Male,Turquoise,Ottawa,Accounting,55,USD 7362,65,true
Clutton,Female,Teal,Cambodian,Engineering,02,USD 7848,03,true
Guerreau,Female,Teal,Vietnamese,Business Development,42,USD 0014,78,false
Kollasch,Female,Teal,Blackfeet,Engineering,19,USD 4400,13,true
Petrovic,Female,Orange,Alaskan Athabascan,Accounting,06,USD 4679,54,true
McAsgill,Female,Maroon,Pima,Marketing,24,USD 0240,99,true
Cordner,Male,Mauv,Panamanian,Accounting,65,USD 5982,71,true
Pashen,Female,Blue,Bangladeshi,Research and Development,87,USD 7935,83,false
Woolens,Male,Green,Cree,Product Management,68,USD 2960,03,true
Hek,Male,Fuscia,Thai,Accounting,66,USD 1051,53,false
Filipczynski,Female,Indigo,Crow,Accounting,36,USD 6454,79,true
Lamble,Male,Blue,Latin American Indian,Sales,85,USD 7902,09,false
Reuven,Male,Fuscia,Native Hawaiian and Other Pacific Islander (NHPI),Research and Development,36,USD 8358,64,false
Ind,Male,Blue,Yakama,Legal,29,USD 6516,91,false
Huntingdon,Male,Crimson,Argentinian,Training,82,USD 4438,62,true
Rewcassell,Male,Maroon,Salvadoran,Engineering,33,USD 8120,54,false
Dinjes,Male,Crimson,Black or African American,Human Resources,94,USD 7228,17,false
Streetfield,Male,Indigo,Lumbee,Accounting,09,USD 1156,45,true
Partridge,Female,Blue,Sri Lankan,Product Management,40,USD 7890,55,true
Fardoe,Female,Red,Yakama,Sales,85,USD 2906,76,true
Armstead,Female,Turquoise,Eskimo,Product Management,97,USD 6175,09,true
Epton,Female,Blue,Puget Sound Salish,Sales,26,USD 7795,99,true
De Morena,Male,Puce,American Indian and Alaska Native (AIAN),Human Resources,22,USD 0092,77,true
Scadden,Male,Yellow,Comanche,Support,12,USD 6022,25,false
Buckoke,Female,Puce,Lumbee,Accounting,37,USD 4574,04,true
Cleeves,Female,Aquamarine,Sioux,Support,51,USD 8118,90,true
MacGhee,Female,Puce,Salvadoran,Accounting,57,USD 1534,24,false
Austick,Male,Khaki,Apache,Sales,77,USD 9057,30,true
Moncrieffe,Male,Khaki,American Indian,Product Management,04,USD 9219,53,true
Petrou,Female,Indigo,Guamanian,Services,59,USD 8513,23,true
Garford,Female,Purple,Fijian,Product Management,99,USD 1630,82,false
Van Castele,Female,Teal,Colville,Research and Development,93,USD 6424,42,true
Jovey,Male,Puce,Native Hawaiian,Marketing,41,USD 6041,59,true
Ickowicz,Female,Yellow,Mexican,Product Management,14,USD 3586,02,false
Gadson,Male,Turquoise,Fijian,Services,71,USD 1245,34,false
Oleszczak,Female,Khaki,Chilean,Business Development,97,USD 3653,86,true
Corradino,Male,Aquamarine,Indonesian,Support,60,USD 8132,37,true
Mossop,Female,Yellow,Laotian,Human Resources,58,USD 3121,07,true
Casserly,Male,Pink,Choctaw,Business Development,02,USD 0305,80,false
Gomez,Female,Khaki,Blackfeet,Support,01,USD 6193,81,false
Geraldini,Male,Maroon,Cherokee,Legal,55,USD 6996,42,false
Shovel,Female,Aquamarine,Comanche,Legal,16,USD 6031,70,false
Gostick,Female,Orange,South American,Training,76,USD 8765,91,false
Josselsohn,Female,Crimson,Sioux,Human Resources,47,USD 5319,85,false
Tewnion,Male,Teal,Bolivian,Business Development,38,USD 1043,99,false
Sidwell,Female,Turquoise,Fijian,Accounting,94,USD 4351,25,true
Gauthorpp,Female,Blue,South American,Engineering,62,USD 5037,94,true
Caulcutt,Female,Purple,Uruguayan,Research and Development,49,USD 8585,67,false
Corderoy,Female,Maroon,Panamanian,Services,33,USD 1360,52,false
Bushnell,Female,Blue,White,Sales,88,USD 7035,70,false
Harbison,Male,Orange,Bolivian,Legal,22,USD 1883,27,true
Jaqueme,Male,Pink,Yakama,Product Management,48,USD 9932,65,true
Cowlard,Male,Aquamarine,Ecuadorian,Services,89,USD 1458,93,true
Deave,Male,Purple,Eskimo,Support,52,USD 9168,90,true
Mocher,Male,Puce,Iroquois,Support,34,USD 2862,26,false
Drejer,Female,Indigo,Potawatomi,Research and Development,06,USD 0106,04,false
Given,Male,Yellow,Ute,Marketing,77,USD 3445,79,true
Filippyev,Male,Yellow,White,Training,78,USD 3390,42,true
Joye,Male,Orange,Yuman,Business Development,80,USD 1616,20,true
Edel,Female,Green,Alaska Native,Accounting,66,USD 5884,02,true
Domesday,Male,Teal,Argentinian,Support,92,USD 2316,61,true
Lemon,Male,Yellow,American Indian,Human Resources,22,USD 3847,60,false
Hannigane,Male,Goldenrod,Paraguayan,Support,44,USD 7622,52,true
Osgar,Male,Mauv,American Indian and Alaska Native (AIAN),Research and Development,63,USD 6855,33,false
Fosdyke,Male,Crimson,Vietnamese,Support,37,USD 7211,02,true
Runsey,Female,Mauv,Seminole,Training,03,USD 2209,62,true
Koppes,Female,Khaki,Vietnamese,Business Development,57,USD 0716,82,true
Iacovone,Female,Blue,Korean,Marketing,24,USD 9794,09,false
Rippin,Female,Puce,Guatemalan,Business Development,04,USD 6374,85,false
Roobottom,Male,Violet,Polynesian,Sales,46,USD 5516,49,false
McAnalley,Female,Maroon,Ecuadorian,Business Development,84,USD 8463,29,true
Lockitt,Female,Aquamarine,Kiowa,Engineering,18,USD 9785,64,false
Weeks,Male,Indigo,Kiowa,Business Development,92,USD 0441,80,false
Kidsley,Male,Indigo,Alaska Native,Human Resources,13,USD 6425,28,true
Wittering,Female,Teal,Paraguayan,Marketing,04,USD 1871,09,false
Greenslade,Female,Aquamarine,Venezuelan,Marketing,45,USD 4314,59,false
Barnewelle,Male,Red,American Indian,Human Resources,18,USD 7002,30,true
Iddenden,Female,Turquoise,Native Hawaiian,Legal,12,USD 7600,90,false
Burridge,Male,Puce,Samoan,Sales,90,USD 3729,37,true
Skirlin,Male,Maroon,Tongan,Training,30,USD 2417,69,false
Passe,Female,Maroon,Taiwanese,Research and Development,25,USD 6414,28,false
Beardshaw,Female,Puce,Paiute,Human Resources,70,USD 8184,02,true
Ashness,Female,Maroon,Pueblo,Engineering,45,USD 7120,06,true
Dufore,Male,Khaki,Choctaw,Product Management,30,USD 8639,47,false
Click,Male,Purple,Chippewa,Product Management,01,USD 5263,26,false
Yakovl,Male,Orange,Thai,Product Management,75,USD 1270,03,false
Fellgatt,Female,Fuscia,Tongan,Research and Development,70,USD 2213,39,false
Deverale,Male,Orange,Iroquois,Research and Development,36,USD 8406,58,true
Fidilis,Male,Aquamarine,Yaqui,Research and Development,74,USD 4384,85,true
Wathell,Male,Teal,Aleut,Accounting,71,USD 6013,94,false
Saddington,Female,Yellow,Apache,Marketing,99,USD 5072,22,false
Rodenborch,Female,Mauv,Crow,Accounting,21,USD 9782,00,true
Spurrior,Male,Fuscia,Vietnamese,Services,41,USD 4066,04,true
Athelstan,Male,Violet,Ottawa,Legal,87,USD 8386,56,false
Self,Male,Goldenrod,Ute,Product Management,62,USD 1209,76,false
Kliement,Female,Crimson,Vietnamese,Engineering,83,USD 7171,84,true
Guidini,Female,Turquoise,Pakistani,Product Management,23,USD 6343,25,false
Comiam,Male,Blue,Choctaw,Support,39,USD 5828,86,true
Brabant,Female,Blue,Venezuelan,Engineering,95,USD 6022,28,true
Risson,Female,Goldenrod,Vietnamese,Research and Development,91,USD 5373,87,true
Kase,Female,Indigo,Japanese,Sales,05,USD 1267,20,false
Streader,Male,Teal,Samoan,Accounting,29,USD 8436,07,false
Gouck,Female,Goldenrod,Bangladeshi,Support,41,USD 6068,76,false
Bastow,Female,Crimson,Laotian,Product Management,37,USD 8871,29,true
Surpliss,Male,Khaki,Central American,Services,37,USD 3724,81,false
Volant,Female,Crimson,Puerto Rican,Accounting,08,USD 6208,70,true
Skillington,Female,Indigo,Colombian,Marketing,87,USD 7652,40,true
Petto,Male,Blue,Alaska Native,Training,76,USD 2378,54,false
Josiah,Female,Green,Micronesian,Research and Development,43,USD 5504,19,true
Golagley,Female,Maroon,Creek,Product Management,17,USD 5190,36,true
Fills,Male,Red,Chippewa,Services,09,USD 2016,61,false
Lilliman,Female,Goldenrod,Paiute,Services,13,USD 8365,36,false
Chastand,Female,Blue,Cheyenne,Sales,31,USD 1411,52,true
Boggish,Female,Green,Comanche,Research and Development,41,USD 3425,54,false
Canty,Female,Purple,Chamorro,Human Resources,91,USD 8705,25,true
McFee,Male,Goldenrod,Polynesian,Product Management,59,USD 6960,17,true
Thatcher,Female,Turquoise,Guamanian,Marketing,62,USD 8790,26,true
Gonnet,Female,Indigo,Paraguayan,Training,12,USD 6029,61,true
Eyden,Female,Aquamarine,Melanesian,Human Resources,39,USD 3356,16,false
McLoughlin,Female,Khaki,Chippewa,Support,25,USD 6086,03,false
Houlison,Female,Aquamarine,Bolivian,Training,29,USD 7352,22,false
Bleything,Female,Red,Venezuelan,Product Management,17,USD 2725,16,false
Work,Female,Pink,Eskimo,Research and Development,56,USD 4528,88,false
McElroy,Male,Fuscia,Colville,Human Resources,24,USD 7376,26,true
Collumbine,Female,Turquoise,Japanese,Human Resources,21,USD 3855,76,true
Manoch,Female,Pink,Fijian,Accounting,15,USD 3805,62,true
Doodney,Male,Pink,Pima,Accounting,36,USD 5801,27,false
Cobley,Male,Maroon,Peruvian,Training,31,USD 0876,47,true
Cullnean,Female,Pink,Salvadoran,Legal,47,USD 2102,13,false
Braidon,Female,Teal,Comanche,Support,61,USD 0152,85,true
Shirtliff,Male,Khaki,Ottawa,Research and Development,59,USD 2897,24,false
Attoc,Female,Aquamarine,Tohono O'Odham,Services,06,USD 5458,82,false
Dollin,Female,Purple,Comanche,Accounting,33,USD 1407,23,true
Brampton,Female,Mauv,Asian,Support,97,USD 5275,77,false
Durward,Male,Purple,Melanesian,Support,42,USD 3786,51,true
Chesnut,Female,Indigo,Ute,Support,06,USD 0661,80,false
Emer,Male,Purple,Bolivian,Research and Development,04,USD 2699,13,false
Vinden,Male,Violet,Fijian,Services,05,USD 6102,52,true
Fassmann,Male,Fuscia,Comanche,Support,34,USD 8140,71,true
Watkiss,Female,Teal,Colville,Legal,53,USD 3785,94,true
Edmondson,Male,Fuscia,Latin American Indian,Legal,54,USD 4745,06,true
Kelsey,Female,Purple,Alaska Native,Training,25,USD 9851,57,true
Methringham,Male,Turquoise,American Indian and Alaska Native (AIAN),Marketing,42,USD 0501,35,true
Behninck,Female,Turquoise,Tongan,Services,56,USD 1830,30,false
Gehricke,Male,Green,Panamanian,Support,06,USD 8880,17,true
Mensler,Female,Yellow,Paiute,Research and Development,37,USD 5366,73,false
Comi,Male,Goldenrod,Chilean,Legal,82,USD 3834,33,true
Scarr,Female,Teal,Laotian,Engineering,23,USD 7459,39,false
Huncote,Male,Aquamarine,Chippewa,Sales,99,USD 7282,40,false
von Grollmann,Female,Aquamarine,Native Hawaiian,Sales,67,USD 4761,01,true
Dyhouse,Male,Aquamarine,Navajo,Training,76,USD 6329,55,false
Alexander,Female,Purple,Cuban,Sales,61,USD 7652,38,false
Fitzroy,Male,Teal,Uruguayan,Product Management,69,USD 5137,07,true
Mumbeson,Female,Indigo,Cherokee,Services,10,USD 4248,85,true
Bugdale,Male,Crimson,Cheyenne,Human Resources,83,USD 8689,69,true
Catherick,Male,Teal,Tohono O'Odham,Human Resources,19,USD 0555,10,true
Sellers,Male,Yellow,Houma,Marketing,30,USD 3808,42,false
Lambeth,Male,Goldenrod,Micronesian,Sales,55,USD 2297,19,true
Cursons,Male,Maroon,Delaware,Legal,78,USD 9127,54,false
Sprade,Male,Teal,Peruvian,Support,85,USD 1659,90,false
Walklett,Male,Pink,Thai,Legal,03,USD 7501,26,true
Greedy,Female,Yellow,Kiowa,Research and Development,33,USD 1725,91,false
Ribou,Male,Yellow,Melanesian,Engineering,14,USD 5145,60,false
Fransemai,Female,Red,Cuban,Business Development,22,USD 9932,47,false
Flooks,Female,Goldenrod,Potawatomi,Research and Development,31,USD 4980,85,true
Hegerty,Male,Puce,Bangladeshi,Training,44,USD 7564,39,true
Craise,Female,Orange,Central American,Business Development,31,USD 0344,37,false
Raulstone,Male,Goldenrod,Guatemalan,Training,14,USD 7717,22,true
Trinder,Female,Aquamarine,Shoshone,Business Development,64,USD 2788,57,false
Buttery,Female,Puce,Chickasaw,Research and Development,83,USD 3208,40,false
Feldmark,Male,Orange,Chilean,Business Development,50,USD 2109,97,false
Karpinski,Female,Aquamarine,Alaska Native,Training,73,USD 1116,39,false
Horry,Female,Red,Alaska Native,Legal,88,USD 6352,72,false
Mathen,Male,Yellow,Potawatomi,Research and Development,79,USD 8436,73,false
Upshall,Male,Violet,Tohono O'Odham,Product Management,88,USD 1295,31,false
Plewright,Female,Violet,Alaska Native,Accounting,09,USD 8289,52,true
Cristofol,Male,Indigo,Latin American Indian,Accounting,90,USD 1619,72,true
Childrens,Female,Khaki,Chinese,Support,32,USD 7364,68,true
McEwan,Male,Crimson,Guatemalan,Business Development,42,USD 2114,39,false
Milam,Male,Fuscia,Lumbee,Human Resources,88,USD 8107,23,true
Moreinis,Male,Purple,Choctaw,Product Management,20,USD 9514,06,true
Payler,Female,Pink,Costa Rican,Services,11,USD 4684,95,true
Sharville,Female,Mauv,Cambodian,Support,73,USD 0207,59,false
Kivelhan,Male,Green,Native Hawaiian,Services,86,USD 6411,02,true
McGerraghty,Female,Aquamarine,Vietnamese,Training,13,USD 0307,22,true
Lusher,Male,Maroon,Dominican (Dominican Republic),Engineering,33,USD 3934,25,true
Higgan,Male,Indigo,Fijian,Product Management,89,USD 7922,30,true
Standage,Female,Yellow,Kiowa,Marketing,02,USD 6568,27,false
Cleugher,Male,Red,Yaqui,Marketing,04,USD 6214,98,true
Tilne,Male,Blue,Crow,Training,63,USD 8331,61,true
Piburn,Female,Violet,Bolivian,Legal,57,USD 5446,30,false
Dreger,Female,Green,Mexican,Research and Development,99,USD 5456,62,true
Jordison,Male,Fuscia,Laotian,Services,87,USD 1723,33,true
O'Hingerty,Male,Khaki,Filipino,Accounting,54,USD 0450,29,true
Gurton,Male,Aquamarine,Ottawa,Product Management,47,USD 2375,58,false
Savaage,Male,Crimson,Pima,Research and Development,70,USD 4922,53,false
Bayford,Female,Teal,Yuman,Engineering,75,USD 4631,88,false
Dimitrie,Male,Turquoise,Cree,Services,10,USD 0530,36,true
Kalkofer,Male,Green,Central American,Legal,62,USD 0289,27,true
Godlee,Male,Fuscia,Colville,Marketing,50,USD 8695,91,false
Haken,Male,Maroon,Uruguayan,Training,99,USD 0487,52,false
Nazer,Male,Aquamarine,Bolivian,Marketing,86,USD 9255,92,false
Bice,Male,Teal,Pima,Training,75,USD 6853,31,true
Ewens,Male,Turquoise,Indonesian,Business Development,03,USD 7299,44,true
Kegg,Female,Green,Yakama,Marketing,86,USD 1385,88,true
Smiz,Male,Maroon,Latin American Indian,Human Resources,49,USD 0756,69,true
Vasyukhichev,Male,Red,Seminole,Research and Development,86,USD 9277,68,false
Crewes,Male,Puce,Yakama,Human Resources,99,USD 0347,43,false
Antoons,Male,Indigo,Cuban,Legal,95,USD 1663,66,true
Persitt,Male,Teal,Yuman,Human Resources,62,USD 5493,65,false
Vigours,Female,Maroon,Shoshone,Product Management,55,USD 5784,95,false
Whitehorne,Female,Maroon,Potawatomi,Services,90,USD 2339,54,false
Pavlasek,Female,Red,Argentinian,Product Management,08,USD 6700,16,false
Kettlestringe,Male,Pink,Chickasaw,Engineering,54,USD 5539,34,true
Meneghi,Male,Red,Venezuelan,Human Resources,16,USD 3658,41,false
Menchenton,Male,Blue,Chamorro,Human Resources,09,USD 6450,25,true
Hardistry,Male,Indigo,Filipino,Research and Development,71,USD 9335,35,true
Yarwood,Female,Pink,Pueblo,Research and Development,46,USD 5884,26,true
Newarte,Female,Fuscia,Malaysian,Sales,29,USD 7010,71,true
Jenken,Female,Goldenrod,Bangladeshi,Research and Development,25,USD 2181,30,true
Gregorace,Female,Pink,Puget Sound Salish,Support,16,USD 9947,35,false
Sone,Female,Pink,Micronesian,Product Management,51,USD 6611,23,false
Gaishson,Male,Khaki,Paraguayan,Accounting,04,USD 3630,86,false
Taffs,Male,Pink,Indonesian,Legal,45,USD 4261,34,true
Daldan,Female,Green,Indonesian,Legal,94,USD 2207,57,true
Scini,Female,Blue,Thai,Research and Development,07,USD 1200,95,false
Ledgeway,Male,Red,Tlingit-Haida,Business Development,98,USD 0932,69,false
Meeking,Female,Yellow,Native Hawaiian,Training,90,USD 1440,17,true
Markova,Female,Teal,Cherokee,Accounting,55,USD 3264,04,false
Mouton,Female,Indigo,Shoshone,Engineering,67,USD 2373,32,true
Donaghy,Male,Violet,Navajo,Services,74,USD 1694,65,false
Conan,Male,Yellow,Ecuadorian,Legal,31,USD 2746,80,false
Cassar,Male,Khaki,Cambodian,Training,46,USD 8847,69,false
Fillgate,Female,Red,Micronesian,Support,69,USD 2952,59,true
Navarijo,Female,Puce,Guatemalan,Sales,46,USD 1462,08,true
MacKibbon,Female,Maroon,Delaware,Research and Development,25,USD 5923,13,false
MacNaughton,Male,Mauv,Tongan,Services,81,USD 9635,66,false
Cornwall,Female,Aquamarine,American Indian and Alaska Native (AIAN),Training,26,USD 2358,85,false
Hutcheon,Female,Purple,Tongan,Accounting,22,USD 4969,28,false
Karpenko,Female,Puce,Bangladeshi,Training,39,USD 2109,89,false
Charge,Male,Indigo,Puerto Rican,Human Resources,97,USD 0180,32,false
Killik,Male,Purple,Chilean,Marketing,30,USD 5854,95,true
Agent,Female,Mauv,Vietnamese,Marketing,41,USD 5668,40,false
Preto,Male,Aquamarine,Pima,Engineering,84,USD 9335,00,true
Petyankin,Male,Orange,Iroquois,Product Management,42,USD 6193,52,true
Hovenden,Male,Goldenrod,Taiwanese,Services,21,USD 8528,18,true
Severwright,Male,Purple,Mexican,Business Development,42,USD 1020,72,true
Ancell,Male,Khaki,Menominee,Research and Development,20,USD 3691,19,false
Malacrida,Male,Crimson,South American,Training,10,USD 9417,61,false
Duffitt,Female,Indigo,Laotian,Engineering,35,USD 5998,43,false
Hullah,Female,Khaki,Fijian,Product Management,10,USD 1484,06,true
Charker,Male,Red,Aleut,Training,61,USD 8665,17,false
Thonger,Male,Crimson,South American,Marketing,74,USD 5772,49,false
Buggs,Male,Indigo,Latin American Indian,Human Resources,51,USD 5338,84,false
Waine,Male,Puce,Cree,Engineering,62,USD 3622,91,true
Rowth,Female,Pink,Mexican,Support,89,USD 4077,35,true
Gozney,Female,Turquoise,Filipino,Product Management,27,USD 4767,92,true
Perrigo,Female,Goldenrod,Spaniard,Sales,62,USD 1124,00,true
Caldicott,Female,Red,Salvadoran,Accounting,84,USD 4423,54,true
Birtwisle,Male,Mauv,Seminole,Engineering,44,USD 3817,30,false
Glenfield,Male,Crimson,Creek,Training,15,USD 2209,12,false
Bayman,Female,Orange,Indonesian,Accounting,26,USD 2240,47,true
Ealden,Female,Orange,Ottawa,Legal,16,USD 9453,87,false
Klimpke,Female,Khaki,Nicaraguan,Support,94,USD 9504,59,false
Spaule,Male,Aquamarine,Asian,Services,40,USD 3262,45,true
Grimmolby,Male,Violet,Houma,Support,49,USD 5091,63,false
Nasey,Female,Yellow,Filipino,Support,34,USD 4221,86,false
Threadgould,Female,Red,Peruvian,Research and Development,14,USD 3105,34,true
Bettesworth,Female,Green,Yuman,Support,87,USD 5120,39,false
Thunnercliff,Female,Blue,Tohono O'Odham,Human Resources,43,USD 6932,57,false
Dowden,Male,Orange,Central American,Sales,73,USD 9517,61,true
Cowing,Female,Aquamarine,Micronesian,Services,60,USD 0947,30,true
Crookston,Male,Khaki,Yakama,Sales,69,USD 7779,34,true
Olwen,Female,Goldenrod,Yakama,Business Development,70,USD 4073,04,true
Yoakley,Male,Orange,Choctaw,Research and Development,33,USD 2798,32,true
Rape,Male,Khaki,Filipino,Marketing,10,USD 6086,60,false
McDiarmid,Male,Puce,Samoan,Support,99,USD 1595,02,true
Provest,Male,Violet,Paraguayan,Marketing,42,USD 8237,55,false
Ketteridge,Male,Red,Sri Lankan,Marketing,58,USD 0881,02,false
Kardos-Stowe,Female,Maroon,Spaniard,Engineering,12,USD 5459,33,true
Lusty,Male,Green,Spaniard,Research and Development,72,USD 9693,34,false
Oslar,Female,Pink,Cambodian,Research and Development,80,USD 0259,40,true
Leftley,Female,Indigo,Shoshone,Sales,39,USD 9762,24,false
Chantree,Female,Purple,Native Hawaiian and Other Pacific Islander (NHPI),Engineering,60,USD 5739,76,true
Dunhill,Female,Violet,Colville,Human Resources,56,USD 5215,52,true
Critchell,Male,Blue,Paraguayan,Research and Development,82,USD 9960,97,false
Cage,Male,Maroon,Cherokee,Training,78,USD 2820,84,false
Braidman,Male,Aquamarine,White,Training,21,USD 5154,87,true
Englefield,Female,Fuscia,Chilean,Marketing,27,USD 0937,22,true
Chaudhry,Male,Maroon,Alaskan Athabascan,Product Management,66,USD 7247,14,false
Andrich,Male,Teal,Osage,Human Resources,77,USD 7767,75,true
Tomaello,Male,Aquamarine,Yuman,Training,37,USD 2812,63,true
Lemmers,Female,Pink,Peruvian,Business Development,37,USD 7891,49,false
Ife,Male,Puce,Lumbee,Sales,66,USD 8468,53,false
Meegan,Female,Indigo,Chippewa,Accounting,65,USD 6254,63,false
Shaves,Male,Violet,Potawatomi,Accounting,97,USD 6885,19,true
Ohm,Male,Mauv,Puerto Rican,Training,79,USD 1789,74,true
Buttner,Male,Mauv,Native Hawaiian,Support,39,USD 1743,96,false
Danniell,Male,Puce,Polynesian,Sales,20,USD 5044,27,false
Coulthart,Male,Red,Filipino,Training,96,USD 7299,44,false
Nail,Male,Goldenrod,Ute,Research and Development,98,USD 7554,90,false
Perrelli,Male,Goldenrod,Chickasaw,Engineering,93,USD 0551,50,false
Olliver,Male,Khaki,Uruguayan,Sales,19,USD 8677,11,false
Bambery,Male,Crimson,Potawatomi,Legal,99,USD 2931,74,true
Josilowski,Female,Yellow,Nicaraguan,Training,12,USD 0685,73,true
Bougen,Male,Indigo,Mexican,Support,87,USD 2604,55,true
Tiernan,Female,Khaki,Ute,Human Resources,70,USD 6955,84,false
Turbayne,Female,Pink,Paraguayan,Engineering,47,USD 0390,08,true
Seignior,Female,Puce,Bangladeshi,Accounting,82,USD 7930,73,false
O'Nolan,Female,Aquamarine,Colville,Marketing,29,USD 4856,57,false
Lettley,Male,Teal,Peruvian,Legal,25,USD 5535,65,false
Waldocke,Female,Teal,Bangladeshi,Training,65,USD 7124,57,false
Cubbon,Female,Maroon,Japanese,Research and Development,50,USD 8558,11,false
Strank,Male,Aquamarine,Choctaw,Product Management,80,USD 9980,46,false
Fleisch,Female,Orange,Panamanian,Sales,36,USD 1765,17,false
Portinari,Female,Aquamarine,American Indian,Support,40,USD 1007,81,true
Joicey,Female,Crimson,Osage,Engineering,88,USD 9009,21,false
Maginot,Female,Crimson,Tongan,Product Management,81,USD 3049,70,false
Wishart,Male,Teal,Laotian,Research and Development,85,USD 3709,35,false
Phebey,Female,Teal,Peruvian,Services,59,USD 0846,67,false
Asquith,Female,Goldenrod,Salvadoran,Support,96,USD 5617,99,false
Maytom,Female,Purple,Chinese,Marketing,07,USD 9065,29,true
Chisolm,Female,Mauv,Cherokee,Engineering,59,USD 0565,70,false
Woofinden,Female,Yellow,Cambodian,Training,41,USD 4557,23,true
Faithorn,Male,Turquoise,Argentinian,Product Management,17,USD 7392,74,true
Gisbourn,Male,Mauv,Ottawa,Legal,06,USD 8728,95,false
Boss,Male,Puce,Puget Sound Salish,Business Development,94,USD 7141,83,false
Mosby,Male,Crimson,Houma,Training,95,USD 4517,95,false
Gratten,Female,Khaki,Bolivian,Product Management,48,USD 9850,64,false
Cogdell,Female,Turquoise,Puget Sound Salish,Training,06,USD 4641,37,true
Litster,Female,Orange,Sioux,Marketing,86,USD 7609,15,true
Musson,Male,Puce,Malaysian,Engineering,06,USD 2414,65,false
Lindwasser,Female,Maroon,American Indian and Alaska Native (AIAN),Business Development,98,USD 9356,51,false
Slaney,Male,Violet,Yakama,Accounting,03,USD 1238,38,false
Campo,Female,Indigo,Argentinian,Engineering,70,USD 7165,81,true
Callen,Female,Red,Chippewa,Sales,20,USD 2535,00,true
Gunnell,Male,Yellow,Paiute,Services,98,USD 5011,08,false
Mates,Male,Turquoise,Filipino,Business Development,44,USD 4359,38,false
Bellson,Female,Fuscia,Costa Rican,Human Resources,92,USD 9047,13,true
Gallamore,Male,Teal,Melanesian,Accounting,76,USD 6439,80,true
Haggerstone,Female,Turquoise,Houma,Research and Development,36,USD 9455,01,false
Ouldcott,Male,Goldenrod,Bolivian,Services,04,USD 1064,57,false
Ablott,Male,Aquamarine,American Indian and Alaska Native (AIAN),Legal,69,USD 8757,39,true
Derwin,Male,Green,Costa Rican,Engineering,76,USD 1841,36,false
Sogg,Female,Fuscia,Choctaw,Business Development,68,USD 8247,18,false
Naerup,Male,Violet,Tlingit-Haida,Research and Development,31,USD 9889,91,false
Klesel,Female,Orange,Asian,Support,28,USD 4869,59,true
Bachanski,Male,Khaki,Indonesian,Research and Development,66,USD 1093,92,false
Jarred,Male,Green,Indonesian,Research and Development,35,USD 5324,96,true
Romans,Female,Khaki,Sioux,Business Development,47,USD 9448,48,false
Ramshay,Male,Fuscia,Peruvian,Human Resources,22,USD 7739,99,true
Laidlaw,Male,Aquamarine,Laotian,Research and Development,13,USD 4967,23,true
Nisuis,Male,Puce,Malaysian,Human Resources,04,USD 5449,19,true
Daw,Female,Mauv,Laotian,Human Resources,59,USD 6800,09,true
Pymm,Male,Khaki,Blackfeet,Product Management,08,USD 0912,39,false
Dawidman,Female,Fuscia,Paraguayan,Human Resources,10,USD 8841,31,false
Cogley,Female,Pink,Taiwanese,Training,37,USD 3684,06,false
Cecchetelli,Male,Red,Indonesian,Services,60,USD 5566,55,true
Eykelbosch,Female,Indigo,Lumbee,Training,45,USD 1749,99,false
Tremontana,Male,Green,Pueblo,Sales,69,USD 5539,74,false
Elliot,Female,Pink,Asian,Accounting,27,USD 7325,84,true
MacGovern,Male,Indigo,Puerto Rican,Services,77,USD 7520,27,false
Longstaff,Male,Goldenrod,Honduran,Business Development,14,USD 3892,28,true
Benedite,Female,Puce,Cheyenne,Product Management,35,USD 4424,52,false
Jandourek,Male,Mauv,Chilean,Sales,38,USD 9708,48,true
Scapens,Female,Red,Tongan,Accounting,48,USD 6359,67,true
Soffe,Male,Violet,Melanesian,Support,36,USD 1054,64,true
Corry,Female,Khaki,Lumbee,Research and Development,76,USD 1069,42,true
Bernollet,Male,Orange,Tohono O'Odham,Services,57,USD 0464,35,false
Espinha,Male,Yellow,Fijian,Sales,20,USD 4248,40,false
Laphorn,Female,Turquoise,Micronesian,Support,96,USD 4964,42,true
Hutchinson,Male,Orange,Paraguayan,Product Management,16,USD 5703,89,true
Martlew,Male,Turquoise,Guatemalan,Services,01,USD 4703,72,true
Stronack,Male,Orange,Colombian,Product Management,82,USD 3201,13,false
Overton,Male,Red,Cuban,Accounting,34,USD 6924,07,false
Harkness,Female,Red,Blackfeet,Training,45,USD 3566,40,true
Kinkade,Female,Green,Kiowa,Support,07,USD 3057,89,true
Squibbs,Male,Aquamarine,Cambodian,Business Development,87,USD 3086,76,true
Mc Ilwrick,Female,Pink,Peruvian,Services,09,USD 6016,78,true
Otham,Female,Orange,Guatemalan,Services,50,USD 4653,81,true
Guisot,Male,Crimson,Melanesian,Training,19,USD 9357,18,true
Chedzoy,Female,Turquoise,Mexican,Product Management,43,USD 2888,68,false
Bang,Female,Puce,Cheyenne,Engineering,73,USD 7161,47,false
Scemp,Female,Goldenrod,Colombian,Research and Development,55,USD 9000,16,true
Gatus,Male,Violet,Asian Indian,Human Resources,02,USD 4884,87,true
Pimer,Female,Red,Potawatomi,Business Development,68,USD 7784,20,true
Geane,Male,Aquamarine,Asian,Marketing,39,USD 7311,36,true
McGrath,Male,Mauv,Chickasaw,Training,09,USD 1790,24,true
Copson,Male,Pink,Asian,Marketing,40,USD 0295,16,false
Feehely,Female,Teal,Chamorro,Marketing,31,USD 0183,43,true
Mattimoe,Male,Turquoise,Panamanian,Accounting,15,USD 1725,93,true
Keary,Female,Puce,Chinese,Business Development,82,USD 0962,52,true
Gilbank,Male,Blue,Chamorro,Research and Development,15,USD 4653,58,false
Matei,Male,Maroon,Seminole,Human Resources,03,USD 6833,44,true
Westfalen,Female,Violet,South American,Human Resources,14,USD 6039,21,true
Helbeck,Female,Green,Hmong,Training,63,USD 5776,46,false
Baldin,Female,Puce,Sri Lankan,Sales,45,USD 0105,79,false
Danieli,Female,Mauv,Alaska Native,Marketing,55,USD 5530,28,false
Featherstone,Female,Purple,South American,Research and Development,87,USD 1102,08,true
Lorkings,Female,Purple,Uruguayan,Human Resources,13,USD 3343,39,false
Elliott,Female,Violet,Salvadoran,Business Development,37,USD 4071,51,true
Moors,Male,Turquoise,Korean,Sales,61,USD 1943,99,true
Abelovitz,Male,Indigo,Costa Rican,Marketing,19,USD 0628,54,false
McGaugie,Female,Crimson,Yaqui,Research and Development,77,USD 4073,64,false
Rowen,Female,Aquamarine,Mexican,Support,41,USD 3371,10,false
Tidcombe,Male,Red,Ottawa,Accounting,39,USD 0205,12,false
Berling,Female,Green,Malaysian,Research and Development,59,USD 1657,04,true
Krauss,Female,Blue,Ottawa,Business Development,98,USD 1936,28,false
Ville,Female,Turquoise,Houma,Legal,66,USD 8005,02,false
Surgeoner,Female,Green,Menominee,Human Resources,28,USD 8262,51,false
Corgenvin,Male,Goldenrod,Ottawa,Legal,27,USD 8568,38,true
Mcettrick,Female,Fuscia,Apache,Support,94,USD 8648,88,true
Leyland,Male,Indigo,Alaskan Athabascan,Business Development,05,USD 0443,20,true
Demeter,Female,Pink,Yaqui,Sales,73,USD 4828,98,true
Hamfleet,Male,Aquamarine,Cherokee,Training,92,USD 8055,37,false
Perkinson,Male,Crimson,Navajo,Accounting,94,USD 1884,57,true
Yeabsley,Male,Fuscia,Alaskan Athabascan,Support,68,USD 6465,28,false
Willshaw,Male,Puce,Micronesian,Legal,59,USD 5954,28,true
Stoodley,Female,Orange,Colombian,Accounting,22,USD 8886,11,false
Laweles,Female,Mauv,Alaskan Athabascan,Legal,10,USD 1700,61,false
Crown,Male,Yellow,Bangladeshi,Human Resources,53,USD 9094,26,false
Pren,Female,Violet,Cheyenne,Business Development,42,USD 4237,65,true
Ashpole,Male,Puce,Salvadoran,Human Resources,01,USD 9083,69,true
Sallery,Male,Mauv,Bangladeshi,Services,68,USD 3850,37,true
Guppey,Male,Khaki,Bolivian,Business Development,79,USD 6257,01,false
Guttridge,Female,Indigo,Aleut,Engineering,35,USD 2739,52,false
Drewell,Male,Orange,Guamanian,Business Development,42,USD 9553,95,true
Gerholz,Female,Red,Chinese,Training,18,USD 7824,08,false
Bottby,Male,Red,Bolivian,Accounting,06,USD 7230,42,false
Junkinson,Male,Green,Potawatomi,Sales,95,USD 3065,97,true
Newtown,Female,Yellow,Chamorro,Marketing,29,USD 7690,98,true
Nornasell,Female,Crimson,Argentinian,Marketing,18,USD 9922,56,false
Meah,Female,Crimson,Thai,Marketing,07,USD 0160,78,true
Leither,Female,Crimson,Navajo,Human Resources,88,USD 6201,07,true
Shrimpling,Female,Aquamarine,Fijian,Training,34,USD 7491,87,false
Gosnay,Male,Goldenrod,Cuban,Sales,75,USD 1548,84,true
Illing,Male,Puce,Native Hawaiian,Product Management,59,USD 2011,74,false
Ryce,Male,Orange,Paraguayan,Legal,79,USD 4000,41,true
McTerrelly,Female,Indigo,Argentinian,Human Resources,59,USD 6665,21,false
Haddinton,Male,Khaki,Puerto Rican,Human Resources,84,USD 5966,68,false
Hunton,Male,Maroon,Filipino,Engineering,45,USD 4830,88,true
Lemmens,Female,Yellow,Melanesian,Business Development,65,USD 1733,01,true
Hinckesman,Female,Orange,Tongan,Support,67,USD 4576,06,false
Elletson,Female,Green,Delaware,Human Resources,28,USD 2905,18,true
Parkinson,Male,Orange,Laotian,Accounting,24,USD 1203,00,true
Dabner,Female,Pink,Yakama,Engineering,07,USD 3174,30,true
Colegate,Male,Turquoise,Thai,Training,62,USD 0437,78,true
Leport,Female,Indigo,Native Hawaiian,Services,26,USD 6041,76,false
Redhouse,Male,Green,Panamanian,Research and Development,17,USD 2633,28,false
Horry,Male,Green,Blackfeet,Engineering,45,USD 8976,62,true
Ladbrooke,Male,Fuscia,Alaska Native,Training,66,USD 2529,31,false
Ingram,Female,Yellow,Polynesian,Marketing,99,USD 9306,89,true
Polet,Male,Teal,Micronesian,Human Resources,19,USD 7292,23,true
Eddington,Male,Puce,Colville,Legal,27,USD 5834,35,true
Drew-Clifton,Female,Purple,Chilean,Support,17,USD 9096,97,true
Ravilus,Female,Yellow,Thai,Accounting,36,USD 2075,13,false
Warrener,Female,Red,Samoan,Support,70,USD 4605,06,true
Ravenscroft,Female,Mauv,Argentinian,Research and Development,52,USD 5574,53,false
Kleen,Female,Turquoise,Native Hawaiian,Accounting,44,USD 4070,47,false
MacKeogh,Female,Goldenrod,Iroquois,Support,70,USD 2537,57,true
Raddish,Female,Mauv,Hmong,Product Management,38,USD 5697,67,false
Stacy,Male,Maroon,Delaware,Services,89,USD 3470,69,true
Utridge,Female,Mauv,Nicaraguan,Accounting,00,USD 7649,06,true
Philippon,Female,Green,American Indian,Sales,20,USD 3365,39,false
Kleinholz,Male,Maroon,Alaskan Athabascan,Services,90,USD 4433,35,true
Souch,Male,Violet,Creek,Accounting,57,USD 6180,26,true
Castiglio,Female,Indigo,Central American,Support,79,USD 4830,78,true
Collister,Female,Maroon,Comanche,Business Development,15,USD 9712,57,false
Haukey,Female,Orange,Potawatomi,Sales,22,USD 3526,85,false
Harbin,Female,Goldenrod,Malaysian,Marketing,44,USD 6023,88,true
Durden,Male,Red,Cambodian,Legal,40,USD 1475,51,false
Egel,Male,Turquoise,Crow,Research and Development,43,USD 2156,30,false
Lanfear,Female,Teal,Chickasaw,Business Development,12,USD 8069,69,false
Cogman,Female,Fuscia,American Indian and Alaska Native (AIAN),Sales,55,USD 0268,89,false
Garrique,Male,Red,Bolivian,Engineering,88,USD 3897,35,false
Pidgeon,Female,Orange,Vietnamese,Sales,19,USD 3208,92,true
Chapiro,Female,Pink,Polynesian,Product Management,66,USD 2017,72,false
Bednall,Female,Maroon,Chamorro,Research and Development,53,USD 9595,02,false
McCullouch,Female,Blue,Polynesian,Training,91,USD 9158,12,true
Titterton,Female,Blue,American Indian and Alaska Native (AIAN),Marketing,93,USD 8476,00,false
Innocenti,Male,Puce,Fijian,Product Management,72,USD 8406,53,false
Fancy,Female,Blue,Alaskan Athabascan,Product Management,78,USD 1663,99,true
Pighills,Male,Turquoise,Kiowa,Support,21,USD 6409,80,true
Biaggioli,Female,Blue,Hmong,Support,06,USD 0771,30,false
Hallawell,Female,Pink,Iroquois,Support,79,USD 4354,00,true
Coulston,Female,Red,Pima,Human Resources,24,USD 8414,47,true
Karolovsky,Female,Red,Paraguayan,Sales,35,USD 0406,64,false
Alenichicov,Female,Khaki,Blackfeet,Human Resources,02,USD 9712,97,false
Monaghan,Male,Crimson,Taiwanese,Business Development,59,USD 5705,90,false
Ruusa,Female,Fuscia,Melanesian,Research and Development,00,USD 5050,31,true
Castaignet,Female,Violet,Cheyenne,Accounting,09,USD 8698,25,false
Beevers,Male,Blue,Sioux,Business Development,88,USD 4128,18,true
Stanistreet,Male,Green,Polynesian,Business Development,91,USD 1355,82,false
Foulcher,Female,Aquamarine,Guatemalan,Sales,11,USD 8429,36,false
Thorwarth,Female,Fuscia,Thai,Product Management,34,USD 1387,07,true
Kliemke,Male,Crimson,Pakistani,Engineering,66,USD 1925,58,true
Vidgeon,Female,Maroon,Thai,Sales,94,USD 2278,95,false
Caro,Male,Maroon,Polynesian,Services,55,USD 4980,99,false
Soulsby,Male,Blue,Aleut,Services,86,USD 8378,34,true
Manger,Male,Indigo,Osage,Support,41,USD 6135,90,false
Devonside,Female,Turquoise,Peruvian,Business Development,91,USD 2000,76,true
Illston,Female,Maroon,Houma,Marketing,56,USD 8198,49,true
Henrys,Male,Red,Argentinian,Sales,24,USD 3765,73,true
Fallow,Male,Violet,Choctaw,Sales,88,USD 7481,27,false
Tromans,Male,Indigo,Spaniard,Business Development,56,USD 2656,67,true
Bewshaw,Female,Yellow,American Indian,Legal,18,USD 0354,08,false
Gooley,Male,Aquamarine,Venezuelan,Training,99,USD 0471,80,true
Djurevic,Female,Indigo,Taiwanese,Services,13,USD 9424,19,true
Titlow,Female,Teal,Tohono O'Odham,Product Management,66,USD 4028,54,false
Corkel,Male,Violet,Yuman,Product Management,33,USD 2251,99,false
Neeves,Female,Aquamarine,Thai,Support,40,USD 2331,30,true
Frazier,Male,Puce,Asian,Human Resources,49,USD 8729,89,false
MacCollom,Male,Crimson,Colville,Engineering,31,USD 1141,37,true
Negus,Male,Puce,Mexican,Accounting,12,USD 3972,71,false
Durnall,Female,Teal,Colombian,Research and Development,33,USD 4127,67,false
Kobiela,Female,Crimson,Mexican,Product Management,26,USD 3289,41,true
Tuckey,Male,Violet,Delaware,Engineering,82,USD 0956,78,true
Stubbe,Male,Khaki,Colville,Legal,58,USD 9501,49,true
Martino,Male,Mauv,Korean,Accounting,13,USD 7733,61,false
Grimsdith,Female,Yellow,Colville,Support,95,USD 7003,31,false
Hardy,Female,Orange,Melanesian,Support,07,USD 2052,14,false
Birkwood,Female,Fuscia,Native Hawaiian and Other Pacific Islander (NHPI),Sales,86,USD 6018,63,false
Whinney,Male,Puce,Hmong,Services,35,USD 5351,21,false
Gleed,Female,Crimson,Eskimo,Engineering,92,USD 5710,97,false
McPhee,Male,Fuscia,Spaniard,Support,48,USD 1803,44,true
Cawdell,Male,Maroon,Chinese,Research and Development,18,USD 2488,05,false
Husthwaite,Female,Crimson,Apache,Business Development,19,USD 9746,31,false
Jocic,Female,Purple,Nicaraguan,Services,13,USD 9738,61,true
Meenan,Male,Fuscia,Polynesian,Training,04,USD 2745,83,false
Schlagman,Male,Violet,Tlingit-Haida,Product Management,46,USD 5454,24,false
Foynes,Male,Orange,Nicaraguan,Services,01,USD 0703,89,false
Tosh,Female,Goldenrod,Hmong,Training,20,USD 6707,11,false
Wimms,Male,Blue,Tohono O'Odham,Engineering,50,USD 4626,83,false
Jorgesen,Male,Green,Venezuelan,Business Development,18,USD 5397,09,true
Menichi,Female,Purple,Melanesian,Accounting,99,USD 8342,32,false
Steffens,Female,Yellow,Choctaw,Product Management,27,USD 9052,68,false
Talkington,Male,Pink,American Indian and Alaska Native (AIAN),Marketing,70,USD 4152,71,true
Hitscher,Male,Aquamarine,Indonesian,Business Development,36,USD 3560,98,true
St. Pierre,Female,Yellow,Japanese,Research and Development,24,USD 4660,96,false
Schoular,Female,Orange,Crow,Training,74,USD 8209,12,true
Markel,Male,Orange,Pueblo,Training,56,USD 6919,91,false
Olivet,Female,Puce,Melanesian,Accounting,70,USD 0479,28,true
Prise,Female,Khaki,Crow,Support,62,USD 1606,53,false
Middiff,Male,Violet,Melanesian,Engineering,80,USD 0474,16,true
Habbeshaw,Female,Maroon,Ottawa,Product Management,81,USD 1704,87,false
Gurko,Female,Purple,South American,Services,30,USD 3694,96,false
Lambourn,Male,Blue,Cheyenne,Sales,04,USD 1343,53,false
Chinery,Male,Khaki,Paraguayan,Support,57,USD 0194,17,true
Buzek,Male,Orange,Chamorro,Research and Development,77,USD 0894,54,true
Teall,Female,Pink,Paraguayan,Engineering,30,USD 2472,43,true
Mealiffe,Female,Pink,Houma,Accounting,32,USD 0079,07,true
Dundon,Male,Mauv,Chinese,Product Management,86,USD 5553,48,false
Chichgar,Female,Puce,Filipino,Research and Development,28,USD 6117,58,false
Roseman,Female,Pink,Houma,Support,76,USD 3730,22,false
Dutson,Female,Pink,Chamorro,Product Management,09,USD 0628,03,true
Bawden,Female,Teal,Malaysian,Legal,84,USD 9855,14,true
Barthelet,Male,Yellow,Tohono O'Odham,Research and Development,58,USD 0411,00,true
McCaskell,Male,Indigo,Colombian,Engineering,66,USD 5640,60,false
Croall,Male,Puce,Creek,Support,84,USD 9267,71,true
MacCleay,Male,Blue,Honduran,Services,16,USD 1437,84,true
Quinnell,Male,Yellow,Yaqui,Support,29,USD 1808,01,true
Callister,Female,Crimson,Melanesian,Sales,08,USD 5312,73,true
Welsh,Female,Red,Ute,Research and Development,43,USD 9198,64,false
Yekel,Male,Blue,Cuban,Support,52,USD 9624,14,true
Arnecke,Male,Crimson,South American,Engineering,81,USD 6914,61,true
Bridal,Female,Puce,Hmong,Product Management,68,USD 0337,75,false
Tollet,Female,Pink,Colombian,Services,21,USD 1713,03,true
Lankford,Female,Yellow,American Indian and Alaska Native (AIAN),Marketing,18,USD 6782,68,true
Crosio,Female,Goldenrod,Vietnamese,Sales,26,USD 6865,93,false
Dorran,Male,Green,Samoan,Engineering,00,USD 0731,59,false
Schustl,Female,Green,Chickasaw,Legal,73,USD 4594,10,true
Keen,Male,Teal,Chilean,Research and Development,33,USD 1817,56,true
Pyford,Male,Teal,Aleut,Research and Development,10,USD 4140,47,true
Hardwicke,Male,Teal,Cuban,Marketing,31,USD 5974,65,true
Reolfo,Female,Pink,Seminole,Services,25,USD 4253,23,false
Howitt,Male,Purple,Shoshone,Legal,87,USD 2568,36,false
Dracey,Female,Orange,Guatemalan,Sales,46,USD 5367,43,false
Morritt,Male,Orange,Pima,Marketing,43,USD 3519,76,true
McKeaveney,Female,Purple,Creek,Research and Development,84,USD 7786,69,false
Gayne,Male,Mauv,Costa Rican,Product Management,99,USD 8051,44,false
Hawken,Female,Puce,Osage,Support,69,USD 3822,06,true
Bollard,Male,Red,Pima,Support,50,USD 0909,10,true
Strother,Female,Orange,Houma,Legal,74,USD 8383,36,true
Bertome,Female,Fuscia,Japanese,Human Resources,57,USD 2385,02,false
Hadleigh,Male,Blue,Filipino,Engineering,96,USD 5475,72,true
Sichardt,Female,Puce,Delaware,Support,50,USD 7793,76,false
Grayley,Male,Green,Yuman,Human Resources,39,USD 6533,90,true
Birchenhead,Male,Yellow,Taiwanese,Sales,38,USD 8960,80,false
Emblen,Male,Green,Spaniard,Accounting,75,USD 3030,39,false
Salter,Female,Orange,Costa Rican,Business Development,33,USD 7043,62,true
Fulleylove,Male,Fuscia,Dominican (Dominican Republic),Product Management,31,USD 5724,09,true
Tudor,Male,Mauv,Bangladeshi,Product Management,59,USD 5803,68,false
Joseland,Female,Aquamarine,Crow,Support,18,USD 5344,94,false
Andrat,Female,Mauv,Kiowa,Engineering,72,USD 8900,28,false
Bremmer,Male,Indigo,Delaware,Product Management,92,USD 2787,13,false
Jeandillou,Female,Khaki,Yuman,Accounting,52,USD 1814,21,false
Woolley,Female,Pink,Tongan,Human Resources,06,USD 1093,96,false
Flode,Male,Aquamarine,Cheyenne,Accounting,56,USD 3818,76,false
Antuk,Male,Teal,Black or African American,Legal,07,USD 3322,70,false
Decaze,Female,Violet,Iroquois,Marketing,26,USD 7916,28,false
Farlambe,Male,Fuscia,Peruvian,Human Resources,36,USD 7758,18,true
Pawnsford,Female,Maroon,Tohono O'Odham,Training,56,USD 5675,07,true
Kluge,Male,Khaki,Indonesian,Business Development,76,USD 2817,18,true
Boyland,Male,Yellow,Korean,Engineering,03,USD 1361,92,false
Ruppeli,Female,Mauv,Tohono O'Odham,Research and Development,94,USD 8398,03,false
Emmanueli,Female,Teal,Comanche,Sales,52,USD 9890,77,true
Wabersich,Female,Red,Colville,Training,45,USD 2155,54,true
Esom,Male,Mauv,Dominican (Dominican Republic),Sales,43,USD 1749,32,true
Mattevi,Female,Blue,Chilean,Research and Development,49,USD 9221,12,false
Wimpress,Female,Fuscia,Black or African American,Sales,19,USD 8953,13,false
Rubinovitch,Male,Yellow,Yuman,Accounting,12,USD 3822,76,false
Ambrogioli,Female,Turquoise,Malaysian,Support,65,USD 0898,46,true
Digance,Male,Red,Iroquois,Business Development,80,USD 0591,99,false
Biddwell,Male,Mauv,Kiowa,Engineering,39,USD 1488,19,false
Brownsett,Female,Fuscia,Taiwanese,Product Management,02,USD 7057,35,false
Druery,Female,Teal,Bolivian,Business Development,27,USD 0622,17,true
Hellewell,Male,Indigo,Melanesian,Human Resources,42,USD 4724,61,true
Barltrop,Male,Khaki,Thai,Marketing,33,USD 8958,47,true
Georgeon,Female,Aquamarine,Salvadoran,Legal,34,USD 2213,22,true
Unsworth,Male,Purple,Menominee,Support,41,USD 6111,45,true
Threadgould,Male,Indigo,Houma,Services,31,USD 2752,62,true
Holde,Female,Violet,Samoan,Training,53,USD 3991,67,true
Connah,Female,Green,Micronesian,Legal,18,USD 8664,51,false
Jorat,Male,Green,Puget Sound Salish,Product Management,17,USD 0824,92,false
Gatenby,Male,Violet,Aleut,Engineering,08,USD 1238,96,false
Killock,Male,Violet,Native Hawaiian,Marketing,06,USD 5081,32,true
Toplis,Female,Yellow,Salvadoran,Legal,72,USD 7210,83,false
Geindre,Female,Goldenrod,Filipino,Legal,33,USD 1612,46,false
Bellon,Female,Blue,Creek,Services,78,USD 1317,45,false
Jakubovski,Male,Orange,American Indian,Services,50,USD 1902,24,true
Joyes,Male,Green,Asian,Accounting,95,USD 2531,26,true
Kinsman,Male,Indigo,Cambodian,Engineering,64,USD 9586,51,true
Desborough,Female,Aquamarine,Dominican (Dominican Republic),Engineering,41,USD 8769,92,true
Heis,Male,Red,Tohono O'Odham,Legal,99,USD 2078,17,false
Garrit,Male,Turquoise,Korean,Business Development,12,USD 4529,15,false
Bichener,Female,Khaki,Osage,Marketing,55,USD 5187,80,false
Vincent,Male,Indigo,Honduran,Marketing,14,USD 0306,15,true
Baroux,Male,Teal,Creek,Sales,15,USD 2667,05,false
Clewett,Male,Khaki,Native Hawaiian,Product Management,08,USD 1371,41,true
Mussett,Male,Crimson,Guamanian,Engineering,75,USD 1703,46,true
Orris,Male,Goldenrod,Paiute,Research and Development,23,USD 2288,71,true
Bruck,Female,Mauv,Argentinian,Training,03,USD 2975,30,false
Sharer,Female,Indigo,Choctaw,Support,17,USD 3986,36,false
Ceeley,Male,Pink,Argentinian,Services,10,USD 0090,47,false
Caple,Female,Violet,Pakistani,Business Development,26,USD 6205,56,false
Pedder,Male,Maroon,Iroquois,Accounting,14,USD 0786,91,true
Goodband,Male,Teal,Cuban,Human Resources,35,USD 5986,74,true
Jealous,Female,Aquamarine,Asian Indian,Product Management,06,USD 3008,95,true
O'Doireidh,Male,Teal,Cherokee,Human Resources,92,USD 3358,13,true
Cudihy,Male,Green,Micronesian,Engineering,81,USD 3422,53,false
McCall,Male,Purple,Comanche,Research and Development,71,USD 1649,59,false
Cunnane,Female,Puce,Comanche,Training,40,USD 2776,42,true
Stiddard,Male,Violet,Guatemalan,Business Development,99,USD 0979,05,true
Christofol,Male,Puce,Hmong,Services,89,USD 9680,73,true
MacKill,Female,Goldenrod,Blackfeet,Business Development,08,USD 1653,94,true
Stooke,Male,Crimson,Chickasaw,Accounting,70,USD 1306,93,true
Sievewright,Female,Aquamarine,Asian,Accounting,63,USD 5495,64,false
Minget,Female,Goldenrod,Aleut,Human Resources,84,USD 9897,85,false
Morphew,Female,Yellow,Pima,Accounting,01,USD 2936,29,true
Reams,Male,Teal,Houma,Sales,04,USD 9693,42,false
Fieldhouse,Female,Violet,American Indian,Human Resources,39,USD 5383,53,true
Tennock,Male,Khaki,Spaniard,Training,91,USD 1880,90,false
Haborn,Male,Aquamarine,Guatemalan,Sales,89,USD 8092,58,true
Strettell,Male,Fuscia,Mexican,Engineering,32,USD 1543,66,false
Bawden,Female,Turquoise,Comanche,Services,99,USD 4704,20,false
Coan,Female,Orange,Sri Lankan,Product Management,28,USD 5341,15,true
Ilyinski,Female,Violet,Lumbee,Engineering,24,USD 2809,36,false
Adiscot,Male,Yellow,Kiowa,Product Management,62,USD 1558,16,true
Wedderburn,Female,Fuscia,Cherokee,Legal,95,USD 5587,85,false
Awcoate,Female,Teal,Costa Rican,Support,69,USD 4207,70,true
Melchior,Male,Mauv,Chickasaw,Accounting,10,USD 2710,56,true
Corlett,Male,Teal,Pueblo,Sales,32,USD 0250,30,false
Quartly,Female,Crimson,Asian,Product Management,74,USD 2947,98,true
Nicolls,Male,Puce,Latin American Indian,Engineering,56,USD 5810,54,false
Edgar,Female,Orange,Venezuelan,Legal,92,USD 1904,42,false
Fradson,Female,Indigo,Navajo,Accounting,19,USD 4324,68,false
Popham,Female,Crimson,Salvadoran,Support,90,USD 1452,41,true
Impleton,Female,Khaki,Native Hawaiian,Business Development,92,USD 9832,55,false
Bromfield,Female,Blue,Colombian,Marketing,94,USD 5327,59,true
Boc,Female,Orange,Black or African American,Support,93,USD 2934,30,false
Derisly,Female,Khaki,Tlingit-Haida,Legal,46,USD 1706,62,true
Palfreeman,Male,Khaki,Aleut,Research and Development,97,USD 7485,17,true
Adamou,Male,Green,Micronesian,Accounting,34,USD 8423,88,true
Alldred,Male,Khaki,Latin American Indian,Engineering,59,USD 0664,20,false
Wiper,Female,Yellow,Honduran,Business Development,20,USD 0508,24,false
Wroath,Female,Pink,Black or African American,Research and Development,08,USD 8524,45,true
Atyea,Female,Khaki,Pueblo,Training,44,USD 4613,29,true
MacSweeney,Male,Red,Puget Sound Salish,Sales,29,USD 0268,49,true
Doding,Male,Mauv,Ottawa,Accounting,02,USD 1208,29,false
Loffel,Female,Maroon,Thai,Business Development,82,USD 6180,19,true
Pidgen,Male,Violet,Puerto Rican,Accounting,86,USD 6649,50,true
MacCrossan,Male,Green,Cherokee,Support,55,USD 2144,48,false
Hinnerk,Male,Yellow,Argentinian,Product Management,42,USD 9500,62,false
Dalton,Female,Pink,Ecuadorian,Marketing,87,USD 7601,36,true
Ogilvie,Male,Teal,Alaska Native,Legal,71,USD 5569,10,false
Ayscough,Male,Aquamarine,Samoan,Research and Development,77,USD 1452,12,false
Kynoch,Male,Green,Micronesian,Marketing,55,USD 3340,54,true
Garrod,Female,Fuscia,Micronesian,Product Management,10,USD 0937,18,true
Shipp,Male,Turquoise,Taiwanese,Engineering,64,USD 7494,77,false
Carlo,Female,Turquoise,Filipino,Services,35,USD 3925,81,false
Gudge,Male,Crimson,Nicaraguan,Accounting,00,USD 6713,34,true
Pearman,Female,Turquoise,Delaware,Business Development,82,USD 5661,13,true
Goutcher,Female,Indigo,Yuman,Services,16,USD 8346,90,false
McGeachey,Female,Pink,Cambodian,Business Development,54,USD 4322,59,false
Butterick,Male,Green,Kiowa,Engineering,22,USD 2486,95,false
Cockshott,Male,Pink,Iroquois,Training,83,USD 7219,58,false
Guage,Female,Mauv,Latin American Indian,Business Development,98,USD 7889,00,true
Semmens,Male,Red,Costa Rican,Legal,37,USD 9772,28,false
Dumphy,Male,Pink,Comanche,Research and Development,20,USD 8619,65,true
Fairney,Female,Yellow,Comanche,Business Development,82,USD 5891,91,false
Bischop,Male,Goldenrod,Navajo,Marketing,12,USD 6279,37,false
Schroeder,Female,Green,Apache,Support,14,USD 1338,43,true
